<application>
  <component name="MaterialThemeConfig">
    <option name="allowDataCollection" value="true" />
    <option name="compactDropdowns" value="true" />
    <option name="compactSidebar" value="true" />
    <option name="fileIcons" value="false" />
    <option name="isCompactMenus" value="true" />
    <option name="isCompactStatusBar" value="true" />
    <option name="isCompactTables" value="true" />
    <option name="isCustomTreeIndentEnabled" value="true" />
    <option name="isDecoratedFolders" value="false" />
    <option name="isHighContrast" value="true" />
    <option name="isWizardShown" value="true" />
    <option name="pristineConfig" value="false" />
    <option name="useMaterialIcons" value="false" />
    <option name="customSidebarHeight" value="20" />
    <option name="rightTreeIndent" value="6" />
    <option name="settingsSelectedTab" value="3" />
    <option name="tabsHeight" value="34" />
    <option name="accentColor" value="498fff" />
    <option name="selectedTheme" value="DRACULA" />
    <option name="userId" value="601c002a:164e269df8c:-8000" />
    <option name="version" value="3.5.0.1" />
  </component>
</application>