<application>
  <component name="ProjectManager">
    <defaultProject>
      <component name="DependencyValidationManager">
        <scope name="Front" pattern="" />
      </component>
      <component name="Encoding" addBOMForNewFiles="with NO BOM">
        <file url="PROJECT" charset="UTF-8" />
      </component>
      <component name="FileColors">
        <fileColor scope="Non-Project Files (Material Default)" color="2E3C43" />
        <fileColor scope="Non-Project Files (Material Darker)" color="323232" />
        <fileColor scope="Non-Project Files (Material Lighter)" color="eae8e8" />
        <fileColor scope="Non-Project Files (Material Palenight)" color="2f2e43" />
      </component>
      <component name="JsFlowSettings">
        <service-enabled>true</service-enabled>
        <exe-path />
        <annotation-enable>false</annotation-enable>
        <other-services-enabled>true</other-services-enabled>
        <auto-save>true</auto-save>
      </component>
      <component name="NamedScopeManager">
        <scope name="Unnamed" pattern="" />
        <order>
          <scope name="Front" />
        </order>
      </component>
      <component name="NodePackageJsonFileManager">
        <packageJsonPaths />
      </component>
      <component name="PhpWorkspaceProjectConfiguration" backward_compatibility_performed="true" />
      <component name="ProjectDictionaryState">
        <dictionary name="thomas" />
      </component>
      <component name="ProjectInspectionProfilesVisibleTreeState">
        <entry key="Project Default">
          <profile-state>
            <expanded-state>
              <State>
                <id />
              </State>
              <State>
                <id>General</id>
              </State>
              <State>
                <id>XPath</id>
              </State>
            </expanded-state>
            <selected-state>
              <State>
                <id>AngularJS</id>
              </State>
            </selected-state>
          </profile-state>
        </entry>
      </component>
      <component name="PropertiesComponent">
        <property name="node.js.path.for.package.eslint" value="project" />
        <property name="node.js.path.for.package.standard" value="project" />
        <property name="node.js.selected.package.eslint" value="C:\Users\thomas\AppData\Roaming\npm\node_modules\eslint" />
        <property name="node.js.selected.package.standard" value="" />
        <property name="nodejs_interpreter_path.stuck_in_default_project" value="C:/Program Files/nodejs/node" />
        <property name="nodejs_npm_path_reset_for_default_project" value="true" />
        <property name="settings.editor.selected.configurable" value="com.chrisrm.idea.config" />
      </component>
      <component name="SshConsoleOptionsProvider">
        <option name="myEncoding" value="windows-1252" />
        <option name="myConnectionType" value="CURRENT_VAGRANT" />
        <option name="myConnectionId" value="" />
      </component>
      <component name="VagrantProjectSettings">
        <option name="instanceFolder" value="P:\www" />
        <option name="provider" value="" />
      </component>
      <component name="VcsContentAnnotationSettings">
        <option name="myLimit" value="2678400000" />
      </component>
      <component name="masterDetails">
        <states>
          <state key="ScopeChooserConfigurable.UI">
            <settings>
              <last-edited>Front</last-edited>
              <splitter-proportions>
                <option name="proportions">
                  <list>
                    <option value="0.2" />
                  </list>
                </option>
              </splitter-proportions>
              <order>
                <scope name="Front" />
                <scope name="Unnamed" />
              </order>
            </settings>
          </state>
        </states>
      </component>
    </defaultProject>
  </component>
</application>