<application>
  <component name="ApplicationTasksOptions">
    <TaskOptions isEnabled="true">
      <option name="arguments" value="--sourcemap --out out/$FilePathRelativeToProjectRoot$ $FilePathRelativeToProjectRoot$--experimental" />
      <option name="checkSyntaxErrors" value="true" />
      <option name="description" value="Transpiles ECMAScript 6 code to ECMAScript 5" />
      <option name="exitCodeBehavior" value="ERROR" />
      <option name="fileExtension" value="js" />
      <option name="immediateSync" value="true" />
      <option name="name" value="Traceur compiler" />
      <option name="output" value="out/$FilePathRelativeToProjectRoot$" />
      <option name="outputFilters">
        <array />
      </option>
      <option name="outputFromStdout" value="false" />
      <option name="program" value="$USER_HOME$/AppData/Roaming/npm/traceur.cmd" />
      <option name="scopeName" value="Project Files" />
      <option name="trackOnlyRoot" value="true" />
      <option name="workingDir" value="$ProjectFileDir$" />
      <envs />
    </TaskOptions>
    <TaskOptions isEnabled="true">
      <option name="arguments" value="compile C:/Users/thomas/Documents/THOMAS/devKit/start-front $UnixSeparators($FilePath$)$" />
      <option name="checkSyntaxErrors" value="true" />
      <option name="description" value="Compiles .scss files into .css files using compass" />
      <option name="exitCodeBehavior" value="ERROR" />
      <option name="fileExtension" value="scss" />
      <option name="immediateSync" value="true" />
      <option name="name" value="compass scss" />
      <option name="output" value="$USER_HOME$/Documents/THOMAS/devKit/start-front" />
      <option name="outputFilters">
        <array />
      </option>
      <option name="outputFromStdout" value="false" />
      <option name="program" value="$USER_HOME$/Documents/THOMAS/devKit/Ruby200-x64/bin/compass.bat" />
      <option name="scopeName" value="Project Files" />
      <option name="trackOnlyRoot" value="true" />
      <option name="workingDir" value="$USER_HOME$/Documents/THOMAS/devKit/start-front" />
      <envs />
    </TaskOptions>
    <TaskOptions isEnabled="true">
      <option name="arguments" value="--no-cache --update $FileName$:$FileNameWithoutExtension$.css" />
      <option name="checkSyntaxErrors" value="true" />
      <option name="description" value="Compiles .scss files into .css files" />
      <option name="exitCodeBehavior" value="ERROR" />
      <option name="fileExtension" value="scss" />
      <option name="immediateSync" value="true" />
      <option name="name" value="SCSS" />
      <option name="output" value="$FileNameWithoutExtension$.css" />
      <option name="outputFilters">
        <array />
      </option>
      <option name="outputFromStdout" value="false" />
      <option name="program" value="$USER_HOME$/Documents/THOMAS/devKit/Ruby200-x64/bin/scss.bat" />
      <option name="scopeName" value="Project Files" />
      <option name="trackOnlyRoot" value="true" />
      <option name="workingDir" value="$FileDir$" />
      <envs />
    </TaskOptions>
    <TaskOptions isEnabled="true">
      <option name="arguments" value="compile &quot;D:/Program Files/wamp/www/pournosanimaux/themes/theme978&quot; $UnixSeparators($FilePath$)$" />
      <option name="checkSyntaxErrors" value="true" />
      <option name="description" value="Compiles .scss files into .css files using compass" />
      <option name="exitCodeBehavior" value="ERROR" />
      <option name="fileExtension" value="scss" />
      <option name="immediateSync" value="true" />
      <option name="name" value="Compass SCSS" />
      <option name="output" value="D:/Program Files/wamp/www/pournosanimaux/themes/theme978" />
      <option name="outputFilters">
        <array />
      </option>
      <option name="outputFromStdout" value="false" />
      <option name="program" value="D:/Program Files/Ruby22-x64/bin/ruby.exe" />
      <option name="scopeName" value="Project Files" />
      <option name="trackOnlyRoot" value="true" />
      <option name="workingDir" value="D:/Program Files/wamp/www/pournosanimaux/themes/theme978" />
      <envs />
    </TaskOptions>
    <TaskOptions isEnabled="true">
      <option name="arguments" value="--source-maps --out-file $FileNameWithoutExtension$-compiled.js --presets es2015 $FilePath$" />
      <option name="checkSyntaxErrors" value="true" />
      <option name="description" value="Transpiles ECMAScript 6 code to ECMAScript 5" />
      <option name="exitCodeBehavior" value="ALWAYS" />
      <option name="fileExtension" value="js" />
      <option name="immediateSync" value="true" />
      <option name="name" value="Babel" />
      <option name="output" value="$FileNameWithoutExtension$-compiled.js:$FileNameWithoutExtension$-compiled.js.map" />
      <option name="outputFilters">
        <array />
      </option>
      <option name="outputFromStdout" value="true" />
      <option name="program" value="$USER_HOME$/AppData/Roaming/npm/babel.cmd" />
      <option name="scopeName" value="Project Files" />
      <option name="trackOnlyRoot" value="true" />
      <option name="workingDir" value="$FileDir$" />
      <envs />
    </TaskOptions>
  </component>
</application>